[{  
      "model":"auth.group",
      "pk":1,
      "fields":{  
         "name":"Developer",
         "permissions":[  

         ]
      }
   },
   {  
      "model":"auth.group",
      "pk":2,
      "fields":{  
         "name":"Player",
         "permissions":[  

         ]
      }
   },
   {  
      "model":"auth.user",
      "pk":1,
      "fields":{  
         "password":"pbkdf2_sha256$24000$4czK36hfVJnb$L1Pn71clz18vJfgei210PkI0lVieeB4L9kuE+gHf9dw=",
         "last_login":null,
         "is_superuser":false,
         "username":"developer1",
         "first_name":"",
         "last_name":"",
         "email":"developer1@dev.fi",
         "is_staff":false,
         "is_active":true,
         "date_joined":"2017-02-18T11:15:20.882Z",
         "groups":[  
            1,
            2
         ],
         "user_permissions":[  

         ]
      }
   },
   {  
      "model":"auth.user",
      "pk":2,
      "fields":{  
         "password":"pbkdf2_sha256$24000$D6TfcYOprOBp$7ESm7LCYKSWqGHdhYOBVGLPfNgmrlmx9gcQqjCI4qXg=",
         "last_login":null,
         "is_superuser":false,
         "username":"developer2",
         "first_name":"",
         "last_name":"",
         "email":"developer2@dev.fi",
         "is_staff":false,
         "is_active":true,
         "date_joined":"2017-02-18T11:15:46.800Z",
         "groups":[  
            1,
            2
         ],
         "user_permissions":[  

         ]
      }
   },
   {  
      "model":"auth.user",
      "pk":3,
      "fields":{  
         "password":"pbkdf2_sha256$24000$gqPffgu49wRU$8LsWXNblBVy3fYAgKazCQbYYHrWWyVk/c/pBLNMGU44=",
         "last_login":null,
         "is_superuser":false,
         "username":"player1",
         "first_name":"",
         "last_name":"",
         "email":"player1@player.fi",
         "is_staff":false,
         "is_active":true,
         "date_joined":"2017-02-18T11:16:01.780Z",
         "groups":[  
            2
         ],
         "user_permissions":[  

         ]
      }
   },
   {  
      "model":"auth.user",
      "pk":4,
      "fields":{  
         "password":"pbkdf2_sha256$24000$EAUWuawP4is2$7pdZRTcA3mvvYWlYyKEkJmPP24mujV0gpIlSVmYj+IM=",
         "last_login":null,
         "is_superuser":false,
         "username":"player2",
         "first_name":"",
         "last_name":"",
         "email":"player2@player.fi",
         "is_staff":false,
         "is_active":true,
         "date_joined":"2017-02-18T11:19:24.643Z",
         "groups":[  
            2
         ],
         "user_permissions":[  

         ]
      }
   },
   {  
      "model":"auth.user",
      "pk":5,
      "fields":{  
         "password":"pbkdf2_sha256$24000$0ptjhogjwgWf$YiCrCzB/+Fcr3W5bIA2fyNlHCPZ9UlgzrkMiyD46meI=",
         "last_login":null,
         "is_superuser":false,
         "username":"player3",
         "first_name":"",
         "last_name":"",
         "email":"player3@player.fi",
         "is_staff":false,
         "is_active":true,
         "date_joined":"2017-02-18T11:19:39.680Z",
         "groups":[  
            2
         ],
         "user_permissions":[  

         ]
      }
   },
   {  
      "model":"gamestore.userprofile",
      "pk":1,
      "fields":{  
         "user":1,
         "activation_key":"5964c0391f45193557e8c37a0b8a89d402918899",
         "key_expires":"2017-02-20T11:15:21.160Z"
      }
   },
   {  
      "model":"gamestore.userprofile",
      "pk":2,
      "fields":{  
         "user":2,
         "activation_key":"1389b9eb7d6056384d05da8576a29ff5b05fd07a",
         "key_expires":"2017-02-20T11:15:47.098Z"
      }
   },
   {  
      "model":"gamestore.userprofile",
      "pk":3,
      "fields":{  
         "user":3,
         "activation_key":"57e848914e22ae9b6a9da6ab7934360c7b4102b9",
         "key_expires":"2017-02-20T11:16:02.014Z"
      }
   },
   {  
      "model":"gamestore.userprofile",
      "pk":4,
      "fields":{  
         "user":4,
         "activation_key":"4da6b024585e8f31f7d67be9bb1b9840f2fc6164",
         "key_expires":"2017-02-20T11:19:24.862Z"
      }
   },
   {  
      "model":"gamestore.userprofile",
      "pk":5,
      "fields":{  
         "user":5,
         "activation_key":"f04d5543ac2a6ccfd69804de2aa56869e0ebf407",
         "key_expires":"2017-02-20T11:19:39.916Z"
      }
   },
   {  
      "model":"gamestore.game",
      "pk":1,
      "fields":{  
         "name":"Firs test game",
         "category":"AC",
         "price":12.0,
         "description":"Testing description",
         "url":"http://webcourse.cs.hut.fi/example_game.html",
         "developer":1
      }
   },
   {  
      "model":"gamestore.game",
      "pk":2,
      "fields":{  
         "name":"Second testgame",
         "category":"SH",
         "price":15.0,
         "description":"Hardcore shoot em up type of game",
         "url":"http://webcourse.cs.hut.fi/example_game.html",
         "developer":1
      }
   },
   {  
      "model":"gamestore.game",
      "pk":3,
      "fields":{  
         "name":"Third testgame",
         "category":"PZ",
         "price":9.0,
         "description":"Tricky puzzle",
         "url":"http://webcourse.cs.hut.fi/example_game.html",
         "developer":2
      }
   },
   {  
      "model":"gamestore.game",
      "pk":4,
      "fields":{  
         "name":"Fourth testgame",
         "category":"SH",
         "price":18.0,
         "description":"Another awesome shoot em up game",
         "url":"http://webcourse.cs.hut.fi/example_game.html",
         "developer":2
      }
   },
   {  
      "model":"gamestore.game",
      "pk":5,
      "fields":{  
         "name":"Fifth testgame",
         "category":"AD",
         "price":15.0,
         "description":"Crazy adventure game",
         "url":"http://webcourse.cs.hut.fi/example_game.html",
         "developer":1
      }
   },
   {  
      "model":"gamestore.game",
      "pk":6,
      "fields":{  
         "name":"Sixth game in the series",
         "category":"AD",
         "price":14.0,
         "description":"Adventuring awesome game world",
         "url":"http://webcourse.cs.hut.fi/example_game.html",
         "developer":1
      }
   },
   {  
      "model":"gamestore.game",
      "pk":7,
      "fields":{  
         "name":"Seven eleven",
         "category":"AR",
         "price":11.0,
         "description":"Platform jumping game lorem ipsum",
         "url":"http://webcourse.cs.hut.fi/example_game.html",
         "developer":1
      }
   },
   {  
      "model":"gamestore.game",
      "pk":8,
      "fields":{  
         "name":"Number 8",
         "category":"AC",
         "price":17.0,
         "description":"Action packtion game with guns n stuff",
         "url":"http://webcourse.cs.hut.fi/example_game.html",
         "developer":2
      }
   },
   {  
      "model":"gamestore.game",
      "pk":9,
      "fields":{  
         "name":"Nine inch nails",
         "category":"AC",
         "price":13.0,
         "description":"Throw nails at enemies and get points",
         "url":"http://webcourse.cs.hut.fi/example_game.html",
         "developer":2
      }
   },
   {  
      "model":"gamestore.game",
      "pk":10,
      "fields":{  
         "name":"Backbag mania",
         "category":"OT",
         "price":10.0,
         "description":"Collect stones to your backbag",
         "url":"http://webcourse.cs.hut.fi/example_game.html",
         "developer":2
      }
   },
   {  
      "model":"gamestore.transaction",
      "pk":1,
      "fields":{  
         "game":1,
         "buyer":2,
         "confirmed":true,
         "time_confirmed":"2017-02-18T11:38:25.136Z"
      }
   },
   {  
      "model":"gamestore.transaction",
      "pk":2,
      "fields":{  
         "game":1,
         "buyer":3,
         "confirmed":true,
         "time_confirmed":"2017-02-18T11:38:42.591Z"
      }
   },
   {  
      "model":"gamestore.transaction",
      "pk":3,
      "fields":{  
         "game":4,
         "buyer":3,
         "confirmed":true,
         "time_confirmed":"2017-02-18T11:38:49.661Z"
      }
   },
   {  
      "model":"gamestore.transaction",
      "pk":4,
      "fields":{  
         "game":6,
         "buyer":3,
         "confirmed":true,
         "time_confirmed":"2017-02-18T11:38:56.611Z"
      }
   },
   {  
      "model":"gamestore.transaction",
      "pk":5,
      "fields":{  
         "game":2,
         "buyer":3,
         "confirmed":true,
         "time_confirmed":"2017-02-18T11:39:03.674Z"
      }
   },
   {  
      "model":"gamestore.transaction",
      "pk":6,
      "fields":{  
         "game":8,
         "buyer":3,
         "confirmed":true,
         "time_confirmed":"2017-02-18T11:39:13.025Z"
      }
   },
   {  
      "model":"gamestore.transaction",
      "pk":7,
      "fields":{  
         "game":1,
         "buyer":4,
         "confirmed":true,
         "time_confirmed":"2017-02-18T11:39:32.873Z"
      }
   },
   {  
      "model":"gamestore.transaction",
      "pk":8,
      "fields":{  
         "game":2,
         "buyer":4,
         "confirmed":true,
         "time_confirmed":"2017-02-18T11:39:40.845Z"
      }
   },
   {  
      "model":"gamestore.transaction",
      "pk":9,
      "fields":{  
         "game":10,
         "buyer":4,
         "confirmed":true,
         "time_confirmed":"2017-02-18T11:39:48.043Z"
      }
   },
   {  
      "model":"gamestore.transaction",
      "pk":10,
      "fields":{  
         "game":7,
         "buyer":4,
         "confirmed":true,
         "time_confirmed":"2017-02-18T11:39:56.231Z"
      }
   },
   {  
      "model":"gamestore.transaction",
      "pk":11,
      "fields":{  
         "game":1,
         "buyer":5,
         "confirmed":true,
         "time_confirmed":"2017-02-18T11:40:13.372Z"
      }
   },
   {  
      "model":"gamestore.transaction",
      "pk":12,
      "fields":{  
         "game":9,
         "buyer":5,
         "confirmed":true,
         "time_confirmed":"2017-02-18T11:40:23.716Z"
      }
   },
   {  
      "model":"gamestore.transaction",
      "pk":13,
      "fields":{  
         "game":8,
         "buyer":5,
         "confirmed":true,
         "time_confirmed":"2017-02-18T11:40:33.293Z"
      }
   },
   {  
      "model":"gamestore.highscore",
      "pk":1,
      "fields":{  
         "game":1,
         "user":3,
         "score":0.0,
         "data":"{}"
      }
   },
   {  
      "model":"gamestore.highscore",
      "pk":2,
      "fields":{  
         "game":4,
         "user":3,
         "score":0.0,
         "data":"{}"
      }
   },
   {  
      "model":"gamestore.highscore",
      "pk":3,
      "fields":{  
         "game":6,
         "user":3,
         "score":0.0,
         "data":"{}"
      }
   },
   {  
      "model":"gamestore.highscore",
      "pk":4,
      "fields":{  
         "game":2,
         "user":3,
         "score":0.0,
         "data":"{}"
      }
   },
   {  
      "model":"gamestore.highscore",
      "pk":5,
      "fields":{  
         "game":8,
         "user":3,
         "score":0.0,
         "data":"{}"
      }
   },
   {  
      "model":"gamestore.highscore",
      "pk":6,
      "fields":{  
         "game":1,
         "user":4,
         "score":0.0,
         "data":"{}"
      }
   },
   {  
      "model":"gamestore.highscore",
      "pk":7,
      "fields":{  
         "game":2,
         "user":4,
         "score":0.0,
         "data":"{}"
      }
   },
   {  
      "model":"gamestore.highscore",
      "pk":8,
      "fields":{  
         "game":10,
         "user":4,
         "score":0.0,
         "data":"{}"
      }
   },
   {  
      "model":"gamestore.highscore",
      "pk":9,
      "fields":{  
         "game":7,
         "user":4,
         "score":0.0,
         "data":"{}"
      }
   },
   {  
      "model":"gamestore.highscore",
      "pk":10,
      "fields":{  
         "game":1,
         "user":5,
         "score":0.0,
         "data":"{}"
      }
   },
   {  
      "model":"gamestore.highscore",
      "pk":11,
      "fields":{  
         "game":9,
         "user":5,
         "score":0.0,
         "data":"{}"
      }
   },
   {  
      "model":"gamestore.highscore",
      "pk":12,
      "fields":{  
         "game":8,
         "user":5,
         "score":0.0,
         "data":"{}"
      }
   }
]